#output name: AD4.1 Aortic Flow; unit: L/min; start buffer datetime: 2020-12-01 12:12:11.208095
timestamp,vb.va
12:12:28.38,0.22871654857174661
12:12:28.385,0.20756162691236213
12:12:28.389,0.2385472339793253
12:12:28.394,0.27141172163924665
12:12:28.399,0.3132215916476895
12:12:28.404,0.32553940543340687
12:12:28.409,0.3428951668429576
12:12:28.414,0.3774984151872154
12:12:28.419,0.4605863364599898
12:12:28.424,0.6134539722293013
12:12:28.429,0.8606955510026637
12:12:28.434,1.2106864218639544
12:12:28.439,1.6533124750449666
12:12:28.444,2.175405623678081
12:12:28.449,2.780373329177653
12:12:28.454,3.4577830274376815
12:12:28.459,4.212210907292214
12:12:28.464,5.034501406529785
12:12:28.469,5.907400669128933
12:12:28.474,6.775051804241301
12:12:28.479,7.5954570537991515
12:12:28.484,8.29405670369573
12:12:28.489,8.88149349789996
12:12:28.494,9.387934615830702
12:12:28.499,9.790951318477397
12:12:28.504,10.158651435063192
12:12:28.509,10.500623625698928
12:12:28.514,10.832583611954554
12:12:28.519,11.146050954814712
12:12:28.524,11.38239821069228
12:12:28.529,11.553398636455356
12:12:28.534,11.630595152479017
12:12:28.539,11.611605720316604
12:12:28.544,11.484294045154932
12:12:28.549,11.283301589858809
12:12:28.554,11.069707896416332
12:12:28.559,10.867932043449237
12:12:28.564,10.683903650727181
12:12:28.569,10.547152988993417
12:12:28.574,10.448626401424583
12:12:28.579,10.347864264404464
12:12:28.584,10.22441862490357
12:12:28.589,10.057605873682434
12:12:28.594,9.831340882139301
12:12:28.599,9.52408339886604
12:12:28.604,9.147542989863204
12:12:28.609,8.704633512321557
12:12:28.614,8.182432089213592
12:12:28.619,7.595848752634637
12:12:28.625,6.9763627138752184
12:12:28.63,6.327027950034754
12:12:28.635,5.620091165574834
12:12:28.64,4.868538928390549
12:12:28.645,4.05206977444778
12:12:28.65,3.0894428176329356
12:12:28.655,1.9582261343920884
12:12:28.66,0.7065859433159716
12:12:28.665,-0.48187927622937465
12:12:28.67,-1.5289061861886886
12:12:28.675,-2.367237230420738
12:12:28.68,-2.8606885959130253
12:12:28.685,-2.9515850175484104
12:12:28.69,-2.7415771199494507
12:12:28.695,-2.523617417535874
12:12:28.7,-2.340939271206043
12:12:28.705,-2.197265412168729
12:12:28.71,-2.1578312115202003
12:12:28.715,-2.2473105113524205
12:12:28.72,-2.391302824727525
12:12:28.725,-2.471018314563107
12:12:28.73,-2.529082093972349
12:12:28.735,-2.5651088332065264
12:12:28.74,-2.5489950437143527
12:12:28.745,-2.5263147257769525
12:12:28.75,-2.5127581246172355
12:12:28.755,-2.463741632944604
12:12:28.76,-2.3992164150216055
12:12:28.765,-2.342961456251011
12:12:28.77,-2.300049734233813
12:12:28.775,-2.277159236433473
12:12:28.78,-2.252313428999102
12:12:28.785,-2.214442839149118
12:12:28.79,-2.151974836248243
12:12:28.795,-2.072507740796137
12:12:28.8,-1.9463679775975393
12:12:28.805,-1.7894910017154508
12:12:28.81,-1.6247004355392853
12:12:28.815,-1.4682852184469937
12:12:28.82,-1.323085963131664
12:12:28.825,-1.2243460111565128
12:12:28.83,-1.1681260823630737
12:12:28.835,-1.1516205940354212
12:12:28.84,-1.1600341576398314
12:12:28.845,-1.199360083813513
12:12:28.85,-1.2263331662243218
12:12:28.855,-1.2355269429563194
12:12:28.86,-1.2267949250141186
12:12:28.865,-1.1834214442071271
12:12:28.87,-1.1308924011886745
12:12:28.875,-1.0658703944987202
12:12:28.88,-1.0004598735166645
12:12:28.885,-0.9595703365444344
12:12:28.89,-0.9360747755022913
12:12:28.895,-0.9242919650040626
12:12:28.9,-0.9262791200718752
12:12:28.905,-0.9395905113914935
12:12:28.91,-0.9582583046727393
12:12:28.915,-0.973060062293218
12:12:28.92,-0.9569462728010443
12:12:28.925,-0.9209927780645586
12:12:28.93,-0.8770174185591451
12:12:28.935,-0.8026965452057269
12:12:28.94,-0.7256751790678493
12:12:28.945,-0.6682132783570296
12:12:28.95,-0.6180981192190238
12:12:28.955,-0.578310434255549
12:12:28.96,-0.5607062784625185
12:12:28.964,-0.5637602555619239
12:12:28.969,-0.554104720040133
12:12:28.974,-0.5242910249362396
12:12:28.979,-0.49880830882628757
12:12:28.984,-0.475382807738459
12:12:28.989,-0.44759448222290743
12:12:28.994,-0.4308405995117788
12:12:28.999,-0.43793894670111655
12:12:29.004,-0.4799621811158765
12:12:29.009,-0.5363954743156363
12:12:29.014,-0.6142671135354121
12:12:29.019,-0.7147107962177408
12:12:29.024,-0.8299880819543262
12:12:29.029,-0.9417910308656232
12:12:29.034,-1.0554728603698784
12:12:29.039,-1.1734856688680786
12:12:29.044,-1.2729708039936618
12:12:29.049,-1.3801943795275378
12:12:29.054,-1.4560056191818127
12:12:29.059,-1.5135025498697878
12:12:29.064,-1.541150755476714
12:12:29.069,-1.550096137825232
12:12:29.074,-1.504805561904746
12:12:29.079,-1.424736587754218
12:12:29.084,-1.3383462949985585
12:12:29.089,-1.2305909007205749
12:12:29.094,-1.105339625124408
12:12:29.099,-0.9559176652899843
12:12:29.104,-0.8407773149186504
12:12:29.109,-0.7232644797307799
12:12:29.114,-0.6330049667709723
12:12:29.119,-0.5504138342651501
12:12:29.124,-0.5017890414280011
12:12:29.129,-0.46995316127913966
12:12:29.134,-0.4467760545747872
12:12:29.139,-0.4260860762485734
12:12:29.144,-0.38697351448121253
12:12:29.149,-0.38122222914072523
12:12:29.154,-0.3904860658270337
12:12:29.159,-0.39325343402243007
12:12:29.164,-0.37923507407291623
12:12:29.169,-0.35776169807573766
12:12:29.174,-0.3506633508863999
12:12:29.179,-0.3077898433897417
12:12:29.184,-0.23055829738892086
12:12:29.189,-0.10505544286590052
12:12:29.194,-0.0010259643400551965
12:12:29.199,0.10605430674181449
12:12:29.204,0.1940050257526451
12:12:29.209,0.21696876805067689
12:12:29.214,0.1633729030006279
12:12:29.219,0.05313356488787946
12:12:29.224,-0.07488826344705757
12:12:29.229,-0.20155984538976668
12:12:29.234,-0.2813804251568186
12:12:29.24,-0.28006839328512356
12:12:29.245,-0.24780578432362432
12:12:29.25,-0.16266064802872648
12:12:29.255,-0.04830369532835377
12:12:29.26,0.05618754198728482
12:12:29.265,0.12812956143741516
12:12:29.27,0.19180450627851542
12:12:29.275,0.3207466676496651
12:12:29.28,0.5447761097415196
12:12:29.285,0.9100655269902411
12:12:29.29,1.426123965922237
12:12:29.295,2.0498327092007465
12:12:29.3,2.7356177565446522
12:12:29.305,3.4247051753714395
12:12:29.31,4.075530305512768
12:12:29.315,4.677695612839788
12:12:29.32,5.249585466273118
12:12:29.325,5.852034197960769
12:12:29.33,6.479185432630793
12:12:29.335,7.133806538478574
12:12:29.34,7.803194371969674
12:12:29.345,8.441138024147392
12:12:29.35,9.02509411243959
12:12:29.355,9.535866209364265
12:12:29.36,10.004933526211978
12:12:29.365,10.437267135195619
12:12:29.37,10.832016763233284
12:12:29.375,11.164827022570812
12:12:29.38,11.4479870661035
12:12:29.385,11.659096815711216
12:12:29.39,11.77810320174332
12:12:29.395,11.760250651566814
12:12:29.4,11.648696097039
12:12:29.405,11.47183929600397
12:12:29.41,11.244367362520606
12:12:29.415,10.963089384124252
12:12:29.42,10.664312339866342
12:12:29.425,10.35801340414983
12:12:29.43,10.055262049756301
12:12:29.435,9.769407882525911
12:12:29.44,9.476557273494265
12:12:29.445,9.2097625983806
12:12:29.45,8.988822163365313
12:12:29.455,8.812210572170379
12:12:29.46,8.648095129190331
12:12:29.465,8.450115251929695
12:12:29.47,8.209656750551254
12:12:29.475,7.87808527858774
12:12:29.48,7.450257798483825
12:12:29.485,6.907082972689018
12:12:29.49,6.255726023803582
12:12:29.495,5.525573918118781
12:12:29.5,4.711056889266661
12:12:29.505,3.7849534604529467
12:12:29.51,2.7181569052036316
12:12:29.515,1.564298118545917
12:12:29.52,0.4993454139124047
12:12:29.525,-0.42179012723178744
12:12:29.53,-1.1869371800963258
12:12:29.535,-1.6329356647145339
12:12:29.539,-1.6665453355248836
12:12:29.544,-1.4448947473363205
12:12:29.549,-1.2456060227473706
12:12:29.554,-1.0645583626270252
12:12:29.559,-0.8662632155719798
12:12:29.564,-0.7992890837913755
12:12:29.569,-0.8657282122844911
12:12:29.574,-0.981008682564454
12:12:29.579,-1.029598445424444
12:12:29.584,-1.0812390008404655
12:12:29.589,-1.1323127075352168
12:12:29.594,-1.1525090816378558
12:12:29.599,-1.1538211135095509
12:12:29.604,-1.1339814082652353
12:12:29.609,-1.0780799338095868
12:12:29.614,-0.9973708664401038
12:12:29.619,-0.8982424001728475
12:12:29.624,-0.7867961201198739
12:12:29.629,-0.6847888266389965
12:12:29.634,-0.5823229589117034
12:12:29.639,-0.5087122387315546
12:12:29.644,-0.4119944718013677
12:12:29.649,-0.3117291235482007
12:12:29.654,-0.2249121019799034
12:12:29.659,-0.08134651741744037
12:12:29.664,0.06051533643785234
12:12:29.669,0.19535208760149558
12:12:29.674,0.2862835392140397
12:12:29.679,0.3194346357779736
12:12:29.684,0.3104892534294521
12:12:29.689,0.26516683207518454
12:12:29.694,0.18112036324566105
12:12:29.699,0.10544924350001494
12:12:29.704,0.02364150866515402
12:12:29.709,-0.033750332091351254
12:12:29.714,-0.08358206686872549
12:12:29.719,-0.12961782593963989
12:12:29.724,-0.15247329376282437
12:12:29.729,-0.1776025255578304
12:12:29.734,-0.17188627019449854
12:12:29.739,-0.16219888923892967
12:12:29.744,-0.15197650499587212
12:12:29.749,-0.15921815663721617
12:12:29.754,-0.1722429390528255
12:12:29.759,-0.20574751993170537
12:12:29.764,-0.25667792217445395
12:12:29.769,-0.28333255024747217
12:12:29.774,-0.3248589958952799
12:12:29.779,-0.3342661370335982
12:12:29.784,-0.33092873557355773
12:12:29.789,-0.29419502770948824
12:12:29.794,-0.2717981341327196
12:12:29.799,-0.24730899555667207
12:12:29.804,-0.23130348053934924
12:12:29.809,-0.21685520723382012
12:12:29.814,-0.22509043640906867
12:12:29.819,-0.23896867644995368
12:12:29.824,-0.2498279693685923
12:12:29.829,-0.2489426663095351
12:12:29.834,-0.24610205361644688
12:12:29.839,-0.23488609183948483
12:12:29.844,-0.2380451588703636
12:12:29.849,-0.24606702363929145
12:12:29.855,-0.26540994011665475
12:12:29.86,-0.313572974164007
12:12:29.865,-0.3774230688908915
12:12:29.87,-0.4516738822899953
12:12:29.875,-0.5207784735904148
12:12:29.88,-0.5809026525651575
12:12:29.885,-0.6297408098086272
12:12:29.89,-0.6716939842690728
12:12:29.895,-0.7097747539819963
12:12:29.9,-0.74502128008859
12:12:29.905,-0.8205490953822299
12:12:29.91,-0.9120824256931961
12:12:29.915,-0.9986128383574844
12:12:29.92,-1.083936309081544
12:12:29.925,-1.163014890241545
12:12:29.93,-1.209579283513193
12:12:29.935,-1.1944240415777685
12:12:29.94,-1.1420032730341667
12:12:29.945,-1.0492247862624389
12:12:29.95,-0.9323838897273085
12:12:29.955,-0.7827835954637195
12:12:29.96,-0.6423038334344398
12:12:29.965,-0.5416117563686349
12:12:29.97,-0.4577436219682731
12:12:29.975,-0.3859417224267716
12:12:29.98,-0.3499181677359715
12:12:29.985,-0.33238407189725905
12:12:29.99,-0.31368124863885427
12:12:29.995,-0.3009398905838765
12:12:30.0,-0.30999036286386783
12:12:30.005,-0.2993762797853279
12:12:30.01,-0.2839376134892717
12:12:30.015,-0.2720114985390403
12:12:30.02,-0.27804620824015913
12:12:30.025,-0.23691146142783026
12:12:30.03,-0.16209061476408237
12:12:30.035,-0.12081256349974723
12:12:30.04,-0.06736318744508196
12:12:30.045,0.0049355008633718
12:12:30.05,0.07084599515575718
12:12:30.055,0.14676232474150552
12:12:30.06,0.21977116622322868
12:12:30.065,0.26658713842173043
12:12:30.07,0.2596639411181769
12:12:30.075,0.21987944069807597
12:12:30.08,0.08951378843700297
12:12:30.085,-0.10157792149723477
12:12:30.09,-0.3034238344186413
12:12:30.095,-0.4440437163565498
12:12:30.1,-0.5263514245017404
12:12:30.105,-0.5896697004845173
12:12:30.11,-0.5718171503080107
12:12:30.115,-0.4801755455221972
12:12:30.119,-0.39364513285791247
12:12:30.124,-0.3395556635842887
12:12:30.129,-0.27605905317235013
12:12:30.134,-0.16148873606565672
12:12:30.139,-0.023174463533347733
12:12:30.144,0.16479320934717023
12:12:30.149,0.4372340798698531
12:12:30.154,0.8227517166549916
12:12:30.159,1.3158846278094884
12:12:30.164,1.9089294029022028
12:12:30.169,2.5875078285819235
12:12:30.174,3.33845818706779
12:12:30.179,4.128839561658804
12:12:30.184,4.953754124639762
12:12:30.189,5.765892299588586
12:12:30.194,6.535972210145495
12:12:30.199,7.274359545005545
12:12:30.204,7.9356172392528705
12:12:30.209,8.508147185905159
12:12:30.214,8.97739283718203
12:12:30.219,9.385307367543938
12:12:30.224,9.742113161233931
12:12:30.229,10.073897997603773
12:12:30.234,10.373808739304216
12:12:30.239,10.667649741326379
12:12:30.244,10.891570908943386
12:12:30.249,11.04308829832047
12:12:30.254,11.125252702013654
12:12:30.259,11.116912382906932
12:12:30.264,11.033576067250678
12:12:30.269,10.86623149728544
12:12:30.274,10.673932845410974
12:12:30.279,10.459272329936901
12:12:30.284,10.230134880266903
12:12:30.289,9.99187371381921
12:12:30.294,9.806389984773453
12:12:30.299,9.703035629443725
12:12:30.304,9.62974336360137
12:12:30.309,9.565361450130375
12:12:30.314,9.528732832197775
12:12:30.319,9.458281179048505
12:12:30.324,9.271660568016834
12:12:30.329,8.943318223038503
12:12:30.334,8.52706337356988
12:12:30.339,8.052636470217166
12:12:30.344,7.502538447118802
12:12:30.349,6.910987222870318
12:12:30.354,6.336788575488015
12:12:30.359,5.733843055033404
12:12:30.364,5.040854570568694
12:12:30.369,4.2307736106419895
12:12:30.374,3.231447975940231
12:12:30.379,2.0555839945412337
12:12:30.384,0.837980203088108
12:12:30.389,-0.25877335171711024
12:12:30.394,-1.183173049823651
12:12:30.399,-1.8311257218381094
12:12:30.404,-2.05238461119119
12:12:30.409,-1.8638500895894055
12:12:30.414,-1.5239032685420106
12:12:30.419,-1.192118432172169
12:12:30.424,-0.8232814336004708
12:12:30.429,-0.5020756503320101
12:12:30.434,-0.366458686040783
12:12:30.439,-0.4008835999558755
12:12:30.444,-0.45203055114832225
12:12:30.449,-0.5268482132686927
12:12:30.454,-0.6375843401483934
12:12:30.459,-0.750024197735268
12:12:30.465,-0.8260137718187082
12:12:30.47,-0.8826604294247851
12:12:30.475,-0.9035988021344714
12:12:30.48,-0.9330590129234224
12:12:30.485,-0.9607072185303451
12:12:30.49,-0.9986128383574844
12:12:30.495,-1.0518520345492064
12:12:30.5,-1.1015786793951072
12:12:30.505,-1.127628244226326
12:12:30.51,-1.1059797183433666
12:12:30.515,-1.0513552457822541
12:12:30.52,-0.9642197698761699
12:12:30.525,-0.8345324253545883
12:12:30.53,-0.7095613895756756
12:12:30.535,-0.5901314592743105
12:12:30.54,-0.49458560430719345
12:12:30.545,-0.42693634933047164
12:12:30.55,-0.3791650141186018
12:12:30.555,-0.3342311070564392
12:12:30.56,-0.3004781317940832
12:12:30.565,-0.274176988036011
12:12:30.57,-0.2751355355927565
12:12:30.575,-0.24823251313626216
12:12:30.58,-0.23449757754738343
12:12:30.585,-0.24255447229346672
12:12:30.59,-0.2527736719931468
12:12:30.595,-0.2735751093375889
12:12:30.6,-0.291676053897568
12:12:30.605,-0.3157384636609777
12:12:30.61,-0.3286931861222726
12:12:30.615,-0.3564846961812016
12:12:30.62,-0.3934317684515918
12:12:30.625,-0.4190227590363911
12:12:30.63,-0.4436520175210674
12:12:30.635,-0.46668900431679106
12:12:30.64,-0.5046646840982447
12:12:30.645,-0.516342404665
12:12:30.65,-0.5262431500268896
12:12:30.655,-0.5227305986810684
12:12:30.66,-0.500477009556306
12:12:30.665,-0.4600524159172501
12:12:30.67,-0.39510046918161024
12:12:30.675,-0.31563337372950784
12:12:30.68,-0.2517450644820869
12:12:30.685,-0.19158585553018526
12:12:30.69,-0.16617319937454766
12:12:30.694,-0.17845279863972863
12:12:30.699,-0.25181830897977875
12:12:30.704,-0.36659880594941185
12:12:30.709,-0.5209918379967355
12:12:30.714,-0.6692450704114705
12:12:30.719,-0.8051072445427963
12:12:30.724,-0.9179738309423122
12:12:30.729,-0.9773177967894675
12:12:30.734,-0.9976192608235799
12:12:30.739,-0.996233984454193
12:12:30.744,-0.9883203941601124
12:12:30.749,-0.9857663903710367
12:12:30.754,-0.9816838057605679
12:12:30.759,-1.011070772051827
12:12:30.764,-1.0440785641637547
12:12:30.769,-1.0877704993085366
12:12:30.774,-1.1551363299246233
12:12:30.779,-1.2322946314277488
12:12:30.784,-1.3464382197218043
12:12:30.789,-1.4520663390233501
12:12:30.794,-1.5717446637081949
12:12:30.799,-1.6896874122520806
12:12:30.804,-1.8066333987186844
12:12:30.809,-1.883406370473086
12:12:30.814,-1.9382760528742935
12:12:30.819,-1.961134705240859
12:12:30.824,-1.9502021678245285
12:12:30.829,-1.8845750978927747
12:12:30.834,-1.770218145192402
12:12:30.839,-1.6172454194916206
12:12:30.844,-1.4499358795035384
12:12:30.849,-1.2654807579688416
12:12:30.854,-1.0873788004730542
12:12:30.859,-0.9370683530361958
12:12:30.864,-0.8120654718235087
12:12:30.869,-0.7506642909542265
12:12:30.874,-0.6830850959318191
12:12:30.879,-0.6522427933168622
12:12:30.884,-0.6536630996634081
12:12:30.889,-0.6589144116935621
12:12:30.894,-0.6760950232173322
12:12:30.899,-0.7044533819975278
12:12:30.904,-0.7440977625089964
12:12:30.909,-0.7649310452872164
12:12:30.914,-0.7511260497440233
12:12:30.919,-0.7159145536145886
12:12:30.924,-0.6488703618796698
12:12:30.929,-0.5262081200497342
12:12:30.934,-0.3764677058775199
12:12:30.939,-0.26189738877083
12:12:30.944,-0.16294407238935804
12:12:30.949,-0.12919109712700205
12:12:30.954,-0.16873038770700077
12:12:30.959,-0.2705911921924944
12:12:30.964,-0.41426505122981183
12:12:30.969,-0.5849119926779345
12:12:30.974,-0.6884096524596686
12:12:30.979,-0.7173348599611309
12:12:30.984,-0.700370797387059
12:12:30.989,-0.646067963707118
12:12:30.994,-0.5451975522121479
12:12:30.999,-0.455508072516988
12:12:31.004,-0.40535788340182677
12:12:31.009,-0.3392340247031207
12:12:31.014,-0.25366215959558147
12:12:31.019,-0.11524279713180263
12:12:31.024,0.09682550003266144
12:12:31.029,0.38907104582250085
12:12:31.034,0.7534719754687877
12:12:31.039,1.1746596826297768
12:12:31.044,1.683514684440965
12:12:31.049,2.2492647382417026
12:12:31.054,2.9006949316248303
12:12:31.059,3.6558329646526317
12:12:31.064,4.476559853091654
12:12:31.069,5.318084994331734
12:12:31.074,6.1295830760616
12:12:31.08,6.941049312357691
12:12:31.085,7.665341858227158
12:12:31.09,8.293381580499613
12:12:31.095,8.846992154943798
12:12:31.1,9.3550669436274
12:12:31.105,9.789636102062325
12:12:31.11,10.145769957099581
12:12:31.115,10.440321112295024
12:12:31.12,10.684613803900454
12:12:31.125,10.861792243816645
12:12:31.13,10.983852606948155
12:12:31.135,11.074322299770905
12:12:31.14,11.144350408650915
12:12:31.145,11.196666087263047
12:12:31.15,11.24088984115194
12:12:31.155,11.248163338227066
12:12:31.16,11.22392259403449
12:12:31.165,11.124864187721549
12:12:31.17,10.988963799069687
12:12:31.175,10.819310435155465
12:12:31.18,10.621295527917674
12:12:31.185,10.41767582433478
12:12:31.19,10.205359132786839
12:12:31.195,10.002911341167014
12:12:31.2,9.774659194556065
12:12:31.205,9.4751401516911
12:12:31.21,9.138209093222578
12:12:31.215,8.748217172991488
12:12:31.22,8.349423174863887
12:12:31.225,7.9283787721549
12:12:31.23,7.512015648211431
12:12:31.235,7.0729753908739355
12:12:31.24,6.6050067414916
12:12:31.245,6.069210502703385
12:12:31.25,5.406497472132358
12:12:31.255,4.567312970275033
12:12:31.26,3.509175188470227
12:12:31.265,2.2325490700511104
12:12:31.269,0.8607305809798227
12:12:31.274,-0.43595179163330755
12:12:31.279,-1.5741935775657971
12:12:31.284,-2.4355616085935736
12:12:31.289,-2.8798213325274453
12:12:31.294,-2.868923825088274
12:12:31.299,-2.6482668144336152
12:12:31.304,-2.3982928974420155
12:12:31.309,-2.1426409396076203
12:12:31.314,-1.9302541881053656
12:12:31.319,-1.8945140577752007
12:12:31.324,-2.0394649187070506
12:12:31.329,-2.206704398740822
12:12:31.334,-2.3410443611375165
12:12:31.339,-2.494265481221774
12:12:31.344,-2.612705018532612
12:12:31.349,-2.668851702828359
12:12:31.354,-2.6637787252273633
12:12:31.359,-2.639713130920576
12:12:31.364,-2.569366567702776
12:12:31.369,-2.4580986220789676
12:12:31.374,-2.3311054012550905
12:12:31.379,-2.2069910076448345
12:12:31.384,-2.076555295429447
12:12:31.389,-1.9110896060571676
12:12:31.394,-1.716236950393629
12:12:31.399,-1.5165183124486603
12:12:31.404,-1.2965013950129602
12:12:31.409,-1.0776914195174854
12:12:31.414,-0.9000512208114912
12:12:31.419,-0.7751183995531186
12:12:31.424,-0.7092079052607296
12:12:31.429,-0.6969633359727077
12:12:31.434,-0.7336620138596217
12:12:31.439,-0.806244126528707
12:12:31.444,-0.8693490381051632
12:12:31.449,-0.9458704309327111
12:12:31.454,-1.0083384338335897
12:12:31.459,-1.0628196019426923
12:12:31.464,-1.0874170149935907
12:12:31.469,-1.104132683184183
12:12:31.474,-1.1247876315332412
12:12:31.479,-1.1370704153417996
12:12:31.484,-1.1402645123498303
12:12:31.489,-1.1422166374404839
12:12:31.494,-1.1636900134376624
12:12:31.499,-1.1768581003052745
12:12:31.504,-1.2014523288127918
12:12:31.509,-1.2160757520041088
12:12:31.514,-1.2377624924076045
12:12:31.519,-1.2372306736634933
12:12:31.524,-1.2307692351497366
12:12:31.529,-1.2193399089664538
12:12:31.534,-1.1850901449371456
12:12:31.539,-1.1568018461112644
12:12:31.544,-1.1319592232202709
12:12:31.549,-1.1073618101693725
12:12:31.554,-1.0797836645167642
12:12:31.559,-1.058383533017281
12:12:31.564,-1.044823747314183
12:12:31.569,-1.0335026956057511
12:12:31.574,-1.0199429099026531
12:12:31.579,-1.0308754473189836
12:12:31.584,-1.0332893311994304
12:12:31.589,-1.052065398955527
12:12:31.594,-1.0742839581031305
12:12:31.599,-1.1025722569290117
12:12:31.604,-1.113750004185441
12:12:31.609,-1.118647831900649
12:12:31.614,-1.1300771580839317
12:12:31.619,-1.1369971708441078
12:12:31.624,-1.1271314554593737
12:12:31.629,-1.1061548682291509
12:12:31.634,-1.0933784801970177
12:12:31.639,-1.0900060487598218
12:12:31.644,-1.0816657296531034
12:12:31.649,-1.0810638509546813
12:12:31.654,-1.1124029423365904
12:12:31.659,-1.148996530292031
12:12:31.664,-1.1877874531782275
12:12:31.669,-1.234781759805891
12:12:31.674,-1.2965364249901157
12:12:31.679,-1.3607782185524826
12:12:31.684,-1.4183133637609942
12:12:31.689,-1.4555788903691749
12:12:31.695,-1.4671833664382419
12:12:31.7,-1.4424458334787182
12:12:31.705,-1.3658894106740114
12:12:31.71,-1.2670061542468538
12:12:31.715,-1.1458374632611559
12:12:31.72,-1.015366721068613
12:12:31.725,-0.900548009578447
12:12:31.73,-0.8085147059571476
12:12:31.735,-0.7225192965803515
12:12:31.74,-0.648408603089873
12:12:31.745,-0.5845585083629885
12:12:31.75,-0.5240426305527635
12:12:31.755,-0.4599441414424028
12:12:31.76,-0.3817890778619919
12:12:31.765,-0.29444342209296437
12:12:31.77,-0.20911995136890127
12:12:31.775,-0.11265057882219054
12:12:31.78,-0.026225256089375648
12:12:31.785,0.0621840371678708
12:12:31.79,0.12798944152878633
12:12:31.795,0.17015279585217513
12:12:31.8,0.20429746995001352
12:12:31.805,0.23205076548840964
12:12:31.81,0.27418227437802045
12:12:31.815,0.36326669083138086
12:12:31.82,0.4387244461707098
12:12:31.825,0.4957596180688917
12:12:31.83,0.5281655314823972
12:12:31.835,0.5471899936219664
12:12:31.84,0.4948743150098345
12:12:31.844,0.3643335128629772
12:12:31.849,0.1615640823619806
12:12:31.854,-0.07563344659748594
12:12:31.859,-0.3286931861222726
12:12:31.864,-0.6262983184171169
12:12:31.869,-0.9182222253257883
12:12:31.874,-1.1991817493843513
12:12:31.879,-1.4159345098577027
12:12:31.884,-1.530574886918707
12:12:31.889,-1.5648596809251742
12:12:31.894,-1.5294730349099552
12:12:31.899,-1.362516979236819
12:12:31.904,-1.0663671832656725
12:12:31.909,-0.6637421794544593
12:12:31.914,-0.1804049237303822
12:12:31.919,0.45207086746748715
12:12:31.924,1.2022027983052297
12:12:31.929,2.0221144436395093
12:12:31.934,2.8805686174765057
12:12:31.939,3.761776353748594
12:12:31.944,4.6884147858497975
12:12:31.949,5.596949088847637
12:12:31.954,6.487525751737508
12:12:31.959,7.358651223675167
12:12:31.964,8.178989597822081
12:12:31.969,8.90165165748207
12:12:31.974,9.509638310103888
12:12:31.979,10.015547609290515
12:12:31.984,10.422681926524838
12:12:31.989,10.752868122118969
12:12:31.994,11.03751534740914
12:12:31.999,11.32227403171754
12:12:32.004,11.573346616174518
12:12:32.009,11.795742387513506
12:12:32.014,11.982608208385273
12:12:32.019,12.102503082019815
12:12:32.024,12.159538253917994
12:12:32.029,12.144099587621938
12:12:32.034,12.074889906390048
12:12:32.039,11.979452325897775
12:12:32.044,11.885075198350343
12:12:32.049,11.801633792762622
12:12:32.054,11.72890837564153
12:12:32.059,11.679468339699639
12:12:32.064,11.636486557728134
12:12:32.069,11.542147644701238
12:12:32.074,11.388181341466549
12:12:32.079,11.131784200481725
12:12:32.084,10.762982231887179
12:12:32.089,10.300159804603531
12:12:32.094,9.77441080017259
12:12:32.099,9.249620343298389
12:12:32.104,8.735297480507349
12:12:32.109,8.261650790282225
12:12:32.114,7.84227190375988
12:12:32.119,7.455050536267564
12:12:32.124,7.043088451272347
12:12:32.129,6.553152821669265
12:12:32.134,5.918511540974421
12:12:32.139,5.093593793450086
12:12:32.144,4.053665230680107
12:12:32.149,2.771466161349668
12:12:32.154,1.3702607059871212
12:12:32.159,0.05050950114448938
12:12:32.164,-1.052740522151641
12:12:32.169,-1.8843267035092985
12:12:32.174,-2.3076830847106393
12:12:32.179,-2.2918176896019453
12:12:32.184,-2.0127052007025625
12:12:32.189,-1.693731782342013
12:12:32.194,-1.3735195766074604
12:12:32.199,-1.069599494794243
12:12:32.204,-0.8967488493286098
12:12:32.209,-0.8295645376850658
12:12:32.214,-0.8031200894749873
12:12:32.219,-0.8046837002735359
12:12:32.224,-0.8436879875660495
12:12:32.229,-0.9227665687260505
12:12:32.234,-1.0057462155239776
12:12:32.239,-1.1235106296387016
12:12:32.244,-1.236163851631897
12:12:32.249,-1.2944441799908368
12:12:32.254,-1.3131119732720826
12:12:32.259,-1.2898297766362603
12:12:32.264,-1.193752102925032
12:12:32.269,-1.0465274780213605
12:12:32.274,-0.849936061673489
12:12:32.279,-0.6572457109635437
12:12:32.284,-0.4561099512154101
12:12:32.289,-0.2789315112992128
12:12:32.294,-0.12752239639698004
12:12:32.299,-0.0034048182433465968
12:12:32.305,0.09668219558065516
12:12:32.31,0.1542173407891667
12:12:32.315,0.1754773523800246
12:12:32.32,0.17217498089714312
12:12:32.325,0.16199081117461844
12:12:32.33,0.10907006932068697
12:12:32.335,0.059451698949633425
12:12:32.34,0.009584934195103756
12:12:32.345,-0.025480072938947274
12:12:32.35,-0.06814340057266577
12:12:32.355,-0.10473698852810998
12:12:32.36,-0.1433527615285186
12:12:32.365,-0.1926877075389406
12:12:32.37,-0.2541239183853783
12:12:32.375,-0.3064395969975102
12:12:32.38,-0.368834355400697
12:12:32.385,-0.4074150984239502
12:12:32.39,-0.4570334687950002
12:12:32.395,-0.50115213275242
12:12:32.4,-0.5386310237669214
12:12:32.405,-0.5820045045739128
12:12:32.41,-0.6181713637167157
12:12:32.415,-0.6572106809863882
12:12:32.419,-0.6966066671143807
12:12:32.424,-0.7200321682022093
12:12:32.429,-0.7197137138644223
12:12:32.434,-0.6956130895804762
12:12:32.439,-0.6803527577135817
12:12:32.444,-0.640424952841478
12:12:32.449,-0.6098660745871562
12:12:32.454,-0.5783486487760818
12:12:32.459,-0.5535729012960253
12:12:32.464,-0.5295104915326156
12:12:32.469,-0.5059767159699398
12:12:32.474,-0.4886591690809219
12:12:32.479,-0.4776183571897441
12:12:32.484,-0.4664756399104739
12:12:32.489,-0.4652686979702487
12:12:32.494,-0.4680710961428005
12:12:32.499,-0.4779750260480675
12:12:32.504,-0.49373214668191423
12:12:32.509,-0.5020024058343218
12:12:32.514,-0.5085689342795483
12:12:32.519,-0.5129349432506487
12:12:32.524,-0.5288003383593463
12:12:32.529,-0.5240426305527635
12:12:32.534,-0.5262081200497342
12:12:32.539,-0.5503087443336767
12:12:32.544,-0.5890646372427142
12:12:32.549,-0.6377276446003961
12:12:32.554,-0.7164845868792291
12:12:32.559,-0.8136258980786764
12:12:32.564,-0.9284446095688459
12:12:32.569,-1.034177818801865
12:12:32.574,-1.1218419289086832
12:12:32.579,-1.2027675452278643
12:12:32.584,-1.2483733909427635
12:12:32.589,-1.241771832520378
12:12:32.594,-1.1913732490217406
12:12:32.599,-1.1077184790276995
12:12:32.604,-0.9809736525872985
12:12:32.609,-0.8418791669274022
12:12:32.614,-0.6902184730983159
12:12:32.619,-0.5470063728507952
12:12:32.624,-0.433999666542654
12:12:32.629,-0.3204229269698686
12:12:32.634,-0.2550124059878094
12:12:32.639,-0.1555623008393887
12:12:32.644,-0.10008755519637802
12:12:32.649,-0.048055300944877644
12:12:32.654,0.0037635889003055922
12:12:32.659,0.03819168735877554
12:12:32.664,0.06452786109400321
12:12:32.669,0.0748903652456896
12:12:32.674,0.11588499214938963
12:12:32.679,0.16365632736125946
12:12:32.684,0.21629364485456293
12:12:32.689,0.2736504556339092
12:12:32.694,0.3617062645762097
12:12:32.699,0.43567046907130447
12:12:32.704,0.48284311012812964
12:12:32.709,0.5165960853904856
12:12:32.714,0.501154234551052
12:12:32.719,0.4430203951874958
12:12:32.724,0.33061556757777666
12:12:32.729,0.18254066959220694
12:12:32.734,0.042841120690507495
12:12:32.739,-0.08393873572704891
12:12:32.744,-0.1760038847821228
